AUC,Penalty
0.78125,Ridge
0.90719697,Lasso
0.912405303,Elastic Net
0.872159091,L0
0.8394886,L1/2
0.875,SCAD
0.821969697,MCP
